"title","description"
"Complete Quarterly Reports","Gather data from various departments and create comprehensive reports for upper management."
"Organize Office Supplies","Take inventory of current supplies, order new items as needed, and organize them in designated storage areas."
"Schedule Meetings","Coordinate with team members to schedule weekly meetings and send out calendar invites."
"Create Social Media Content","Generate ideas for social media posts, create engaging content, and schedule posts for optimal engagement."
"Research Market Trends","Monitor industry news and trends, gather data on competitors, and provide insights to inform business strategy."
"Develop New Product Ideas","Brainstorm and research new product ideas, conduct market analysis, and present proposals to upper management."
"Respond to Customer Inquiries","Handle customer inquiries via phone and email, provide excellent service, and resolve issues in a timely manner."
"Design Marketing Materials","Create visually appealing marketing materials, such as brochures and flyers, that effectively communicate company messaging."
"Test Software Applications","Perform testing on new software applications, identify bugs and issues, and provide feedback to development team."
"Provide Technical Support","Assist customers with technical issues, troubleshoot problems, and escalate issues to appropriate teams as needed."
